{
  "Overall Results": {
    "rouge1_fm": 0.13782832385594368,
    "rouge2_fm": 0.02234258632362898,
    "rougeL_fm": 0.08529650690495531,
    "exact_match": 0,
    "token_acc": 0.0008357011532675915,
    "padded_token_acc": 0.0008357011532675915,
    "pred_len": 1535,
    "ref_len": 17949,
    "experiment_time_mean": 242.36742329597473,
    "experiment_time_std": 0.0
  },
  "Per Sentence Results": {
    "rouge1_fm_mean": 0.09038708772804148,
    "rouge1_fm_std": 0.11288168831692776,
    "rouge2_fm_mean": 0.010949334362444165,
    "rouge2_fm_std": 0.05388479622829899,
    "rougeL_fm_mean": 0.08987523678252064,
    "rougeL_fm_std": 0.11254707773448928,
    "exact_match_mean": 0.0026041666666666665,
    "exact_match_std": 0.05096454633015867,
    "token_acc_mean": 0.03764326237122265,
    "token_acc_std": 0.05859466370264455,
    "padded_token_acc_mean": 0.03764326237122265,
    "padded_token_acc_std": 0.05859466370264455,
    "pred_len_mean": 2.0,
    "pred_len_std": 0.0,
    "ref_len_mean": 23.498697916666668,
    "ref_len_std": 10.114320415690104,
    "reconstruction_time_mean": 40.26954388618469,
    "reconstruction_time_std": 0.6974975185823519
  },
  "Per Input Results": {
    "rouge1_fm_mean": 0.10522536552162148,
    "rouge1_fm_std": 0.024067784621370304,
    "rouge2_fm_mean": 0.012066616215168498,
    "rouge2_fm_std": 0.0042153481338364175,
    "rougeL_fm_mean": 0.08438730783175719,
    "rougeL_fm_std": 0.015783302296966374,
    "exact_match_mean": 0.0,
    "exact_match_std": 0.0,
    "token_acc_mean": 0.0009973605934098968,
    "token_acc_std": 0.0004970538968911459,
    "padded_token_acc_mean": 0.0009973605934098968,
    "padded_token_acc_std": 0.0004970538968911459,
    "pred_len_mean": 255.83333333333334,
    "pred_len_std": 1.8633899812498247,
    "ref_len_mean": 2991.5,
    "ref_len_std": 99.23666996965721,
    "reconstruction_time_mean": 40.26954388618469,
    "reconstruction_time_std": 0.6974975185823519
  },
  "Arguments": {
    "neptune": null,
    "neptune_offline": false,
    "label": "name of the run",
    "rng_seed": 42,
    "dataset": "sst2",
    "task": "seq_class",
    "pad": "right",
    "split": "val",
    "use_hf_split": true,
    "batch_size": 128,
    "n_inputs": 6,
    "start_input": 0,
    "end_input": 100000,
    "model_path": "gpt2",
    "finetuned_path": null,
    "cache_dir": "/lustre/guptap69/.cache/huggingface/gia_exp_cache",
    "device": "cuda",
    "device_grad": "cpu",
    "attn_implementation": "eager",
    "precision": "full",
    "parallel": 100,
    "grad_b": null,
    "n_layers": 2,
    "rank_tol": 1e-08,
    "rank_cutoff": 20,
    "l1_span_thresh": 5e-05,
    "l2_span_thresh": 0.002,
    "l1_filter": "all",
    "l2_filter": "non-overlap",
    "distinct_thresh": 0.6,
    "max_ids": 96,
    "maxC": 10000000,
    "reduce_incorrect": 0,
    "n_incorrect": 128,
    "algo": "sgd",
    "avg_epochs": null,
    "b_mini": null,
    "avg_lr": null,
    "dist_norm": "l2",
    "defense_noise": null,
    "max_len": 10000000000.0,
    "p1_std_thrs": 5,
    "l2_std_thrs": 5,
    "dp_l2_filter": "maxB",
    "defense_pct_mask": null,
    "grad_mode": "eval",
    "hidden_act": null,
    "loss": "ce",
    "n_steps": 10,
    "lr": 0.01,
    "lr_decay": 0.89,
    "coeff_perplexity": 0.02,
    "coeff_reg": 1.0,
    "init_size": 3.98,
    "grad_loss": "cos",
    "tag_factor": 0.01,
    "hybrid_temperature": 0.1,
    "hybrid_init_noise": 0.01,
    "hybrid_project_every": 0,
    "hybrid_init_mode": "dager",
    "hybrid_use_lm_prior": "true",
    "hybrid_projection_mode": "candidate_final",
    "print_every": 50,
    "train_method": "full",
    "lora_r": null
  }
}