{
  "Overall Results": {
    "rouge1_fm": 0.9989796719252807,
    "rouge2_fm": 0.9988225135410943,
    "rougeL_fm": 0.9989796719252807,
    "exact_match": 0,
    "token_acc": 0.9914938862307283,
    "padded_token_acc": 0.9914938862307283,
    "pred_len": 7509,
    "ref_len": 7524,
    "experiment_time_mean": 4165.382146835327,
    "experiment_time_std": 0.0
  },
  "Per Sentence Results": {
    "rouge1_fm_mean": 0.9995833333333333,
    "rouge1_fm_std": 0.01177774502091881,
    "rouge2_fm_mean": 0.9995608108108108,
    "rouge2_fm_std": 0.012414379886914418,
    "rougeL_fm_mean": 0.9995833333333333,
    "rougeL_fm_std": 0.01177774502091881,
    "exact_match_mean": 0.99875,
    "exact_match_std": 0.03533323506275642,
    "token_acc_mean": 0.9993951612903226,
    "token_acc_std": 0.01709672664326924,
    "padded_token_acc_mean": 0.9993951612903226,
    "padded_token_acc_std": 0.01709672664326924,
    "pred_len_mean": 9.4775,
    "pred_len_std": 4.413274719525174,
    "ref_len_mean": 9.49625,
    "ref_len_std": 4.4724138826253546,
    "reconstruction_time_mean": 41.54231330394745,
    "reconstruction_time_std": 1.3548385161608714
  },
  "Per Input Results": {
    "rouge1_fm_mean": 0.999051094890511,
    "rouge1_fm_std": 0.009441486629478874,
    "rouge2_fm_mean": 0.9988888888888888,
    "rouge2_fm_std": 0.011055415967851326,
    "rougeL_fm_mean": 0.999051094890511,
    "rougeL_fm_std": 0.009441486629478874,
    "exact_match_mean": 0.99,
    "exact_match_std": 0.09949874371066199,
    "token_acc_mean": 0.9928888888888889,
    "token_acc_std": 0.07075466219424853,
    "padded_token_acc_mean": 0.9928888888888889,
    "padded_token_acc_std": 0.07075466219424853,
    "pred_len_mean": 75.2,
    "pred_len_std": 11.12924076476019,
    "ref_len_mean": 75.35,
    "ref_len_std": 11.226197040850478,
    "reconstruction_time_mean": 41.54231330394745,
    "reconstruction_time_std": 1.3548385161608714
  },
  "Arguments": {
    "neptune": null,
    "neptune_offline": false,
    "label": "name of the run",
    "rng_seed": 40,
    "dataset": "cola",
    "task": "seq_class",
    "pad": "right",
    "split": "val",
    "use_hf_split": true,
    "batch_size": 8,
    "n_inputs": 100,
    "start_input": 0,
    "end_input": 100000,
    "model_path": "openai-community/gpt2-large",
    "finetuned_path": null,
    "cache_dir": "/lustre/guptap69/.cache/huggingface/gia_exp_cache",
    "device": "cuda",
    "device_grad": "cpu",
    "attn_implementation": "eager",
    "precision": "full",
    "parallel": 100,
    "grad_b": null,
    "n_layers": 2,
    "rank_tol": 1e-08,
    "rank_cutoff": 20,
    "l1_span_thresh": 1e-05,
    "l2_span_thresh": 0.001,
    "l1_filter": "all",
    "l2_filter": "non-overlap",
    "distinct_thresh": 0.7,
    "max_ids": -1,
    "maxC": 10000000,
    "reduce_incorrect": 0,
    "n_incorrect": 8,
    "algo": "sgd",
    "avg_epochs": null,
    "b_mini": null,
    "avg_lr": null,
    "dist_norm": "l2",
    "defense_noise": null,
    "max_len": 10000000000.0,
    "p1_std_thrs": 5,
    "l2_std_thrs": 5,
    "dp_l2_filter": "maxB",
    "defense_pct_mask": null,
    "grad_mode": "eval",
    "hidden_act": null,
    "loss": "ce",
    "n_steps": 50,
    "lr": 0.01,
    "lr_decay": 0.89,
    "coeff_perplexity": 0.02,
    "coeff_reg": 1.0,
    "init_size": 3.98,
    "grad_loss": "cos",
    "tag_factor": 0.01,
    "hybrid_temperature": 0.1,
    "hybrid_init_noise": 0.01,
    "hybrid_project_every": 0,
    "hybrid_init_mode": "dager",
    "hybrid_use_lm_prior": "true",
    "hybrid_projection_mode": "candidate_final",
    "print_every": 50,
    "train_method": "full",
    "lora_r": null
  }
}