{
  "Overall Results": {
    "rouge1_fm": 0.80502701432934,
    "rouge2_fm": 0.7826938136256851,
    "rougeL_fm": 0.8044788975021534,
    "exact_match": 0,
    "token_acc": 0.07598318080633193,
    "padded_token_acc": 0.07598318080633193,
    "pred_len": 13652,
    "ref_len": 20215,
    "experiment_time_mean": 948.6975407600403,
    "experiment_time_std": 0.0
  },
  "Per Sentence Results": {
    "rouge1_fm_mean": 0.7965128998713553,
    "rouge1_fm_std": 0.30314999762186695,
    "rouge2_fm_mean": 0.7772337287451841,
    "rouge2_fm_std": 0.3301594663674684,
    "rougeL_fm_mean": 0.7965128998713553,
    "rougeL_fm_std": 0.30314999762186695,
    "exact_match_mean": 0.6481481481481481,
    "exact_match_std": 0.4775480354899121,
    "token_acc_mean": 0.7474686821048124,
    "token_acc_std": 0.35890301990276724,
    "padded_token_acc_mean": 0.7474686821048124,
    "padded_token_acc_std": 0.35890301990276724,
    "pred_len_mean": 15.934027777777779,
    "pred_len_std": 10.018688531345672,
    "ref_len_mean": 23.53009259259259,
    "ref_len_std": 10.101866438781606,
    "reconstruction_time_mean": 35.007837269041275,
    "reconstruction_time_std": 7.135117138652227
  },
  "Per Input Results": {
    "rouge1_fm_mean": 0.7728519153948444,
    "rouge1_fm_std": 0.2365754301088807,
    "rouge2_fm_mean": 0.745786325246709,
    "rouge2_fm_std": 0.26470798290611774,
    "rougeL_fm_mean": 0.7724585955281458,
    "rougeL_fm_std": 0.23714691363681992,
    "exact_match_mean": 0.4074074074074074,
    "exact_match_std": 0.4913518207933925,
    "token_acc_mean": 0.4354394252906654,
    "token_acc_std": 0.4696885114359137,
    "padded_token_acc_mean": 0.4354394252906654,
    "padded_token_acc_std": 0.4696885114359137,
    "pred_len_mean": 505.7037037037037,
    "pred_len_std": 207.47580221510435,
    "ref_len_mean": 748.7777777777778,
    "ref_len_std": 40.932947277706575,
    "reconstruction_time_mean": 35.007837269041275,
    "reconstruction_time_std": 7.135117138652227
  },
  "Arguments": {
    "neptune": null,
    "neptune_offline": false,
    "label": "name of the run",
    "rng_seed": 42,
    "dataset": "sst2",
    "task": "seq_class",
    "pad": "right",
    "split": "val",
    "use_hf_split": true,
    "batch_size": 32,
    "n_inputs": 27,
    "start_input": 0,
    "end_input": 100000,
    "model_path": "gpt2",
    "finetuned_path": null,
    "cache_dir": "/lustre/guptap69/.cache/huggingface/gia_exp_cache",
    "device": "cuda",
    "device_grad": "cpu",
    "attn_implementation": "eager",
    "precision": "full",
    "parallel": 100,
    "grad_b": null,
    "n_layers": 2,
    "rank_tol": 1e-09,
    "rank_cutoff": 20,
    "l1_span_thresh": 1e-05,
    "l2_span_thresh": 0.001,
    "l1_filter": "all",
    "l2_filter": "non-overlap",
    "distinct_thresh": 0.7,
    "max_ids": -1,
    "maxC": 10000000,
    "reduce_incorrect": 0,
    "n_incorrect": 32,
    "algo": "sgd",
    "avg_epochs": null,
    "b_mini": null,
    "avg_lr": null,
    "dist_norm": "l2",
    "defense_noise": null,
    "max_len": 10000000000.0,
    "p1_std_thrs": 5,
    "l2_std_thrs": 5,
    "dp_l2_filter": "maxB",
    "defense_pct_mask": null,
    "grad_mode": "eval",
    "hidden_act": null,
    "loss": "ce",
    "n_steps": 500,
    "lr": 0.01,
    "lr_decay": 0.89,
    "coeff_perplexity": 0.02,
    "coeff_reg": 1.0,
    "init_size": 3.98,
    "grad_loss": "cos",
    "tag_factor": 0.01,
    "hybrid_temperature": 0.1,
    "hybrid_init_noise": 0.01,
    "hybrid_project_every": 0,
    "hybrid_init_mode": "dager",
    "hybrid_use_lm_prior": "true",
    "hybrid_projection_mode": "candidate_final",
    "print_every": 50,
    "train_method": "full",
    "lora_r": null
  }
}