{
  "Overall Results": {
    "rouge1_fm": 0.9992288710672425,
    "rouge2_fm": 0.9987660033934906,
    "rougeL_fm": 0.9992288710672425,
    "exact_match": 0,
    "token_acc": 0.044219918645847005,
    "padded_token_acc": 0.044219918645847005,
    "pred_len": 7607,
    "ref_len": 7621,
    "experiment_time_mean": 4154.0164613723755,
    "experiment_time_std": 0.0
  },
  "Per Sentence Results": {
    "rouge1_fm_mean": 0.9993442982456141,
    "rouge1_fm_std": 0.010745031983878153,
    "rouge2_fm_mean": 0.9992636774989717,
    "rouge2_fm_std": 0.012094441954942883,
    "rougeL_fm_mean": 0.9993442982456141,
    "rougeL_fm_std": 0.010745031983878153,
    "exact_match_mean": 0.99625,
    "exact_match_std": 0.061122315891988264,
    "token_acc_mean": 0.9986286057692308,
    "token_acc_std": 0.022474448446343758,
    "padded_token_acc_mean": 0.9986286057692308,
    "padded_token_acc_std": 0.022474448446343758,
    "pred_len_mean": 9.595,
    "pred_len_std": 4.5454345226831725,
    "ref_len_mean": 9.6125,
    "ref_len_std": 4.550257547655956,
    "reconstruction_time_mean": 41.427953493595126,
    "reconstruction_time_std": 1.5401705564578003
  },
  "Per Input Results": {
    "rouge1_fm_mean": 0.9992857142857143,
    "rouge1_fm_std": 0.007107053122190136,
    "rouge2_fm_mean": 0.998840579710145,
    "rouge2_fm_std": 0.01153608622732314,
    "rougeL_fm_mean": 0.9992857142857143,
    "rougeL_fm_std": 0.007107053122190136,
    "exact_match_mean": 0.99,
    "exact_match_std": 0.09949874371066199,
    "token_acc_mean": 0.9911764705882353,
    "token_acc_std": 0.08779300915646648,
    "padded_token_acc_mean": 0.9911764705882353,
    "padded_token_acc_std": 0.08779300915646648,
    "pred_len_mean": 76.15,
    "pred_len_std": 12.785440938817871,
    "ref_len_mean": 76.29,
    "ref_len_std": 12.804917024330926,
    "reconstruction_time_mean": 41.427953493595126,
    "reconstruction_time_std": 1.5401705564578003
  },
  "Arguments": {
    "neptune": null,
    "neptune_offline": false,
    "label": "name of the run",
    "rng_seed": 41,
    "dataset": "cola",
    "task": "seq_class",
    "pad": "right",
    "split": "val",
    "use_hf_split": true,
    "batch_size": 8,
    "n_inputs": 100,
    "start_input": 0,
    "end_input": 100000,
    "model_path": "openai-community/gpt2-large",
    "finetuned_path": null,
    "cache_dir": "/lustre/guptap69/.cache/huggingface/gia_exp_cache",
    "device": "cuda",
    "device_grad": "cpu",
    "attn_implementation": "eager",
    "precision": "full",
    "parallel": 100,
    "grad_b": null,
    "n_layers": 2,
    "rank_tol": 1e-08,
    "rank_cutoff": 20,
    "l1_span_thresh": 1e-05,
    "l2_span_thresh": 0.001,
    "l1_filter": "all",
    "l2_filter": "non-overlap",
    "distinct_thresh": 0.7,
    "max_ids": -1,
    "maxC": 10000000,
    "reduce_incorrect": 0,
    "n_incorrect": 8,
    "algo": "sgd",
    "avg_epochs": null,
    "b_mini": null,
    "avg_lr": null,
    "dist_norm": "l2",
    "defense_noise": null,
    "max_len": 10000000000.0,
    "p1_std_thrs": 5,
    "l2_std_thrs": 5,
    "dp_l2_filter": "maxB",
    "defense_pct_mask": null,
    "grad_mode": "eval",
    "hidden_act": null,
    "loss": "ce",
    "n_steps": 50,
    "lr": 0.01,
    "lr_decay": 0.89,
    "coeff_perplexity": 0.02,
    "coeff_reg": 1.0,
    "init_size": 3.98,
    "grad_loss": "cos",
    "tag_factor": 0.01,
    "hybrid_temperature": 0.1,
    "hybrid_init_noise": 0.01,
    "hybrid_project_every": 0,
    "hybrid_init_mode": "dager",
    "hybrid_use_lm_prior": "true",
    "hybrid_projection_mode": "candidate_final",
    "print_every": 50,
    "train_method": "full",
    "lora_r": null
  }
}