{
  "Overall Results": {
    "rouge1_fm": 0.1344264346955379,
    "rouge2_fm": 0.03254678600488202,
    "rougeL_fm": 0.08586269478690783,
    "exact_match": 0,
    "token_acc": 0.0009262594555652755,
    "padded_token_acc": 0.0009262594555652755,
    "pred_len": 1685,
    "ref_len": 19433,
    "experiment_time_mean": 318.08102560043335,
    "experiment_time_std": 0.0
  },
  "Per Sentence Results": {
    "rouge1_fm_mean": 0.09325794177070446,
    "rouge1_fm_std": 0.12499186401146185,
    "rouge2_fm_mean": 0.019282808637217343,
    "rouge2_fm_std": 0.07442064104881975,
    "rougeL_fm_mean": 0.09241659561685832,
    "rougeL_fm_std": 0.12411968481961876,
    "exact_match_mean": 0.003605769230769231,
    "exact_match_std": 0.059939700191306164,
    "token_acc_mean": 0.044160907725700554,
    "token_acc_std": 0.06681755451853916,
    "padded_token_acc_mean": 0.044160907725700554,
    "padded_token_acc_std": 0.06681755451853916,
    "pred_len_mean": 2.0372596153846154,
    "pred_len_std": 0.18939729788464754,
    "ref_len_mean": 23.489182692307693,
    "ref_len_std": 10.072448059381156,
    "reconstruction_time_mean": 24.344019724772526,
    "reconstruction_time_std": 2.4854232816961193
  },
  "Per Input Results": {
    "rouge1_fm_mean": 0.10579821865137279,
    "rouge1_fm_std": 0.022540624282237878,
    "rouge2_fm_mean": 0.017229652251342435,
    "rouge2_fm_std": 0.005325117319772299,
    "rougeL_fm_mean": 0.08547091389928012,
    "rougeL_fm_std": 0.01558446934016436,
    "exact_match_mean": 0.0,
    "exact_match_std": 0.0,
    "token_acc_mean": 0.0016143959022854048,
    "token_acc_std": 0.0009386961116774201,
    "padded_token_acc_mean": 0.0016143959022854048,
    "padded_token_acc_std": 0.0009386961116774201,
    "pred_len_mean": 129.6153846153846,
    "pred_len_std": 5.981232977321155,
    "ref_len_mean": 1494.8461538461538,
    "ref_len_std": 59.21778079369555,
    "reconstruction_time_mean": 24.344019724772526,
    "reconstruction_time_std": 2.4854232816961193
  },
  "Arguments": {
    "neptune": null,
    "neptune_offline": false,
    "label": "name of the run",
    "rng_seed": 42,
    "dataset": "sst2",
    "task": "seq_class",
    "pad": "right",
    "split": "val",
    "use_hf_split": true,
    "batch_size": 64,
    "n_inputs": 13,
    "start_input": 0,
    "end_input": 100000,
    "model_path": "gpt2",
    "finetuned_path": null,
    "cache_dir": "/lustre/guptap69/.cache/huggingface/gia_exp_cache",
    "device": "cuda",
    "device_grad": "cpu",
    "attn_implementation": "eager",
    "precision": "full",
    "parallel": 100,
    "grad_b": null,
    "n_layers": 2,
    "rank_tol": 1e-09,
    "rank_cutoff": 20,
    "l1_span_thresh": 1e-05,
    "l2_span_thresh": 0.001,
    "l1_filter": "all",
    "l2_filter": "non-overlap",
    "distinct_thresh": 0.7,
    "max_ids": 64,
    "maxC": 10000000,
    "reduce_incorrect": 0,
    "n_incorrect": 64,
    "algo": "sgd",
    "avg_epochs": null,
    "b_mini": null,
    "avg_lr": null,
    "dist_norm": "l2",
    "defense_noise": null,
    "max_len": 10000000000.0,
    "p1_std_thrs": 5,
    "l2_std_thrs": 5,
    "dp_l2_filter": "maxB",
    "defense_pct_mask": null,
    "grad_mode": "eval",
    "hidden_act": null,
    "loss": "ce",
    "n_steps": 500,
    "lr": 0.01,
    "lr_decay": 0.89,
    "coeff_perplexity": 0.02,
    "coeff_reg": 1.0,
    "init_size": 3.98,
    "grad_loss": "cos",
    "tag_factor": 0.01,
    "hybrid_temperature": 0.1,
    "hybrid_init_noise": 0.01,
    "hybrid_project_every": 0,
    "hybrid_init_mode": "dager",
    "hybrid_use_lm_prior": "true",
    "hybrid_projection_mode": "candidate_final",
    "print_every": 50,
    "train_method": "full",
    "lora_r": null
  }
}