{
  "Overall Results": {
    "rouge1_fm": 0.5257115898726213,
    "rouge2_fm": 0.02846583313674609,
    "rougeL_fm": 0.13917282591602453,
    "exact_match": 0,
    "token_acc": 0.0024676787725980364,
    "padded_token_acc": 0.0024676787725980364,
    "pred_len": 14533,
    "ref_len": 18641,
    "experiment_time_mean": 4722.217968225479,
    "experiment_time_std": 0.0
  },
  "Per Sentence Results": {
    "rouge1_fm_mean": 0.11982180755381258,
    "rouge1_fm_std": 0.09359210262840255,
    "rouge2_fm_mean": 0.003945143972792825,
    "rouge2_fm_std": 0.01969130656696461,
    "rougeL_fm_mean": 0.09378416134584752,
    "rougeL_fm_std": 0.07241303515533312,
    "exact_match_mean": 0.0,
    "exact_match_std": 0.0,
    "token_acc_mean": 0.03963851460320214,
    "token_acc_std": 0.04410269409644357,
    "padded_token_acc_mean": 0.03963851460320214,
    "padded_token_acc_std": 0.04410269409644357,
    "pred_len_mean": 18.0,
    "pred_len_std": 8.738850038763681,
    "ref_len_mean": 23.4375,
    "ref_len_std": 10.065713772505157,
    "reconstruction_time_mean": 47.11136052370071,
    "reconstruction_time_std": 1.8690979392290616
  },
  "Per Input Results": {
    "rouge1_fm_mean": 0.34736068626708005,
    "rouge1_fm_std": 0.08083028396835477,
    "rouge2_fm_mean": 0.010189799358483567,
    "rouge2_fm_std": 0.012662763460592648,
    "rougeL_fm_mean": 0.1360688962183006,
    "rougeL_fm_std": 0.025860406764534646,
    "exact_match_mean": 0.0,
    "exact_match_std": 0.0,
    "token_acc_mean": 0.013416446574053,
    "token_acc_std": 0.009525833750241661,
    "padded_token_acc_mean": 0.013416446574053,
    "padded_token_acc_std": 0.009525833750241661,
    "pred_len_mean": 145.13,
    "pred_len_std": 29.324615939514025,
    "ref_len_mean": 186.6,
    "ref_len_std": 27.73589731737555,
    "reconstruction_time_mean": 47.11136052370071,
    "reconstruction_time_std": 1.8690979392290616
  },
  "Arguments": {
    "neptune": null,
    "neptune_offline": false,
    "label": "name of the run",
    "rng_seed": 41,
    "dataset": "sst2",
    "task": "seq_class",
    "pad": "right",
    "split": "val",
    "use_hf_split": true,
    "batch_size": 8,
    "n_inputs": 100,
    "start_input": 0,
    "end_input": 100000,
    "model_path": "openai-community/gpt2-large",
    "finetuned_path": null,
    "cache_dir": "/lustre/guptap69/.cache/huggingface/gia_exp_cache",
    "device": "cuda",
    "device_grad": "cpu",
    "attn_implementation": "eager",
    "precision": "full",
    "parallel": 100,
    "grad_b": null,
    "n_layers": 2,
    "rank_tol": 1e-08,
    "rank_cutoff": 20,
    "l1_span_thresh": 1e-05,
    "l2_span_thresh": 0.001,
    "l1_filter": "all",
    "l2_filter": "non-overlap",
    "distinct_thresh": 0.7,
    "max_ids": -1,
    "maxC": 10000000,
    "reduce_incorrect": 0,
    "n_incorrect": 8,
    "algo": "sgd",
    "avg_epochs": null,
    "b_mini": null,
    "avg_lr": null,
    "dist_norm": "l2",
    "defense_noise": null,
    "max_len": 10000000000.0,
    "p1_std_thrs": 5,
    "l2_std_thrs": 5,
    "dp_l2_filter": "maxB",
    "defense_pct_mask": null,
    "grad_mode": "eval",
    "hidden_act": null,
    "loss": "ce",
    "n_steps": 50,
    "lr": 0.01,
    "lr_decay": 0.89,
    "coeff_perplexity": 0.02,
    "coeff_reg": 1.0,
    "init_size": 3.98,
    "grad_loss": "cos",
    "tag_factor": 0.01,
    "hybrid_temperature": 0.1,
    "hybrid_init_noise": 0.01,
    "hybrid_project_every": 0,
    "hybrid_init_mode": "candidate_random",
    "hybrid_use_lm_prior": "true",
    "hybrid_projection_mode": "candidate_final",
    "print_every": 50,
    "train_method": "full",
    "lora_r": null
  }
}