{
  "Overall Results": {
    "rouge1_fm": 0.9764829534257373,
    "rouge2_fm": 0.9675469714886349,
    "rougeL_fm": 0.9722130986008014,
    "exact_match": 0,
    "token_acc": 0.02922243792786349,
    "padded_token_acc": 0.02922243792786349,
    "pred_len": 19402,
    "ref_len": 19574,
    "experiment_time_mean": 1313.4385831356049,
    "experiment_time_std": 0.0
  },
  "Per Sentence Results": {
    "rouge1_fm_mean": 0.9705067465200967,
    "rouge1_fm_std": 0.14575702913279756,
    "rouge2_fm_mean": 0.9639978651493862,
    "rouge2_fm_std": 0.17392668652832963,
    "rougeL_fm_mean": 0.970044652486666,
    "rougeL_fm_std": 0.14803575948504177,
    "exact_match_mean": 0.955,
    "exact_match_std": 0.20730412441627882,
    "token_acc_mean": 0.9672389148103337,
    "token_acc_std": 0.1582705066323331,
    "padded_token_acc_mean": 0.9672389148103337,
    "padded_token_acc_std": 0.1582705066323331,
    "pred_len_mean": 24.3925,
    "pred_len_std": 10.680751085480834,
    "ref_len_mean": 24.60625,
    "ref_len_std": 10.74424082648467,
    "reconstruction_time_mean": 13.024746980667114,
    "reconstruction_time_std": 0.5285582694481366
  },
  "Per Input Results": {
    "rouge1_fm_mean": 0.9697518628133323,
    "rouge1_fm_std": 0.12240782222165193,
    "rouge2_fm_mean": 0.9623100746824924,
    "rouge2_fm_std": 0.1539773001394759,
    "rougeL_fm_mean": 0.9680493109499742,
    "rougeL_fm_std": 0.13064758036714091,
    "exact_match_mean": 0.91,
    "exact_match_std": 0.2861817604250837,
    "token_acc_mean": 0.9459191049115102,
    "token_acc_std": 0.19533291343496584,
    "padded_token_acc_mean": 0.9459191049115102,
    "padded_token_acc_std": 0.19533291343496584,
    "pred_len_mean": 194.15,
    "pred_len_std": 30.976886544648092,
    "ref_len_mean": 195.87,
    "ref_len_std": 31.17295462416099,
    "reconstruction_time_mean": 13.024746980667114,
    "reconstruction_time_std": 0.5285582694481366
  },
  "Arguments": {
    "neptune": null,
    "neptune_offline": false,
    "label": "name of the run",
    "rng_seed": 42,
    "dataset": "rotten_tomatoes",
    "task": "seq_class",
    "pad": "right",
    "split": "val",
    "use_hf_split": false,
    "batch_size": 8,
    "n_inputs": 100,
    "start_input": 0,
    "end_input": 100000,
    "model_path": "gpt2",
    "finetuned_path": null,
    "cache_dir": "/lustre/guptap69/.cache/huggingface/gia_exp_cache",
    "device": "cuda",
    "device_grad": "cpu",
    "attn_implementation": "eager",
    "precision": "full",
    "parallel": 100,
    "grad_b": null,
    "n_layers": 2,
    "rank_tol": 1e-08,
    "rank_cutoff": 20,
    "l1_span_thresh": 1e-05,
    "l2_span_thresh": 0.001,
    "l1_filter": "all",
    "l2_filter": "non-overlap",
    "distinct_thresh": 0.7,
    "max_ids": -1,
    "maxC": 10000000,
    "reduce_incorrect": 0,
    "n_incorrect": 8,
    "algo": "sgd",
    "avg_epochs": null,
    "b_mini": null,
    "avg_lr": null,
    "dist_norm": "l2",
    "defense_noise": null,
    "max_len": 10000000000.0,
    "p1_std_thrs": 5,
    "l2_std_thrs": 5,
    "dp_l2_filter": "maxB",
    "defense_pct_mask": null,
    "grad_mode": "eval",
    "hidden_act": null,
    "loss": "ce",
    "n_steps": 10,
    "lr": 0.01,
    "lr_decay": 0.89,
    "coeff_perplexity": 0.02,
    "coeff_reg": 1.0,
    "init_size": 3.98,
    "grad_loss": "cos",
    "tag_factor": 0.01,
    "hybrid_temperature": 0.1,
    "hybrid_init_noise": 0.01,
    "hybrid_project_every": 0,
    "hybrid_init_mode": "dager",
    "hybrid_use_lm_prior": "true",
    "hybrid_projection_mode": "candidate_final",
    "print_every": 50,
    "train_method": "full",
    "lora_r": null
  }
}