{
  "Overall Results": {
    "rouge1_fm": 0.5184407096171801,
    "rouge2_fm": 0.0235779316784686,
    "rougeL_fm": 0.1370214752567694,
    "exact_match": 0,
    "token_acc": 0.002864873468088493,
    "padded_token_acc": 0.002864873468088493,
    "pred_len": 14805,
    "ref_len": 18849,
    "experiment_time_mean": 4771.393329143524,
    "experiment_time_std": 0.0
  },
  "Per Sentence Results": {
    "rouge1_fm_mean": 0.11219343738962556,
    "rouge1_fm_std": 0.08455163367215866,
    "rouge2_fm_mean": 0.0020771382931615606,
    "rouge2_fm_std": 0.013707389642404613,
    "rougeL_fm_mean": 0.09044837828162647,
    "rougeL_fm_std": 0.06648205487967385,
    "exact_match_mean": 0.0,
    "exact_match_std": 0.0,
    "token_acc_mean": 0.038844121021350854,
    "token_acc_std": 0.042315595340980214,
    "padded_token_acc_mean": 0.038844121021350854,
    "padded_token_acc_std": 0.042315595340980214,
    "pred_len_mean": 18.3925,
    "pred_len_std": 8.794796401850357,
    "ref_len_mean": 23.7025,
    "ref_len_std": 10.203258976915171,
    "reconstruction_time_mean": 47.603046753406524,
    "reconstruction_time_std": 3.088834944273038
  },
  "Per Input Results": {
    "rouge1_fm_mean": 0.3466616107354883,
    "rouge1_fm_std": 0.07706222701582419,
    "rouge2_fm_mean": 0.008843613182032455,
    "rouge2_fm_std": 0.012369317989586523,
    "rougeL_fm_mean": 0.1347089488016677,
    "rougeL_fm_std": 0.024749245045108174,
    "exact_match_mean": 0.0,
    "exact_match_std": 0.0,
    "token_acc_mean": 0.013770878094193573,
    "token_acc_std": 0.011762279138846811,
    "padded_token_acc_mean": 0.013770878094193573,
    "padded_token_acc_std": 0.011762279138846811,
    "pred_len_mean": 147.95,
    "pred_len_std": 30.814404099381836,
    "ref_len_mean": 188.58,
    "ref_len_std": 29.715376490968442,
    "reconstruction_time_mean": 47.603046753406524,
    "reconstruction_time_std": 3.088834944273038
  },
  "Arguments": {
    "neptune": null,
    "neptune_offline": false,
    "label": "name of the run",
    "rng_seed": 40,
    "dataset": "sst2",
    "task": "seq_class",
    "pad": "right",
    "split": "val",
    "use_hf_split": true,
    "batch_size": 8,
    "n_inputs": 100,
    "start_input": 0,
    "end_input": 100000,
    "model_path": "openai-community/gpt2-large",
    "finetuned_path": null,
    "cache_dir": "/lustre/guptap69/.cache/huggingface/gia_exp_cache",
    "device": "cuda",
    "device_grad": "cpu",
    "attn_implementation": "eager",
    "precision": "full",
    "parallel": 100,
    "grad_b": null,
    "n_layers": 2,
    "rank_tol": 1e-08,
    "rank_cutoff": 20,
    "l1_span_thresh": 1e-05,
    "l2_span_thresh": 0.001,
    "l1_filter": "all",
    "l2_filter": "non-overlap",
    "distinct_thresh": 0.7,
    "max_ids": -1,
    "maxC": 10000000,
    "reduce_incorrect": 0,
    "n_incorrect": 8,
    "algo": "sgd",
    "avg_epochs": null,
    "b_mini": null,
    "avg_lr": null,
    "dist_norm": "l2",
    "defense_noise": null,
    "max_len": 10000000000.0,
    "p1_std_thrs": 5,
    "l2_std_thrs": 5,
    "dp_l2_filter": "maxB",
    "defense_pct_mask": null,
    "grad_mode": "eval",
    "hidden_act": null,
    "loss": "ce",
    "n_steps": 50,
    "lr": 0.01,
    "lr_decay": 0.89,
    "coeff_perplexity": 0.02,
    "coeff_reg": 1.0,
    "init_size": 3.98,
    "grad_loss": "cos",
    "tag_factor": 0.01,
    "hybrid_temperature": 0.1,
    "hybrid_init_noise": 0.01,
    "hybrid_project_every": 0,
    "hybrid_init_mode": "candidate_random",
    "hybrid_use_lm_prior": "true",
    "hybrid_projection_mode": "candidate_final",
    "print_every": 50,
    "train_method": "full",
    "lora_r": null
  }
}