{
  "Overall Results": {
    "rouge1_fm": 0.11410874053682037,
    "rouge2_fm": 0.022026431718061675,
    "rougeL_fm": 0.07653131452167929,
    "exact_match": 0,
    "token_acc": 0.0008914145634854309,
    "padded_token_acc": 0.0008914145634854309,
    "pred_len": 1533,
    "ref_len": 17949,
    "experiment_time_mean": 240.72542190551758,
    "experiment_time_std": 0.0
  },
  "Per Sentence Results": {
    "rouge1_fm_mean": 0.08290363165177159,
    "rouge1_fm_std": 0.11449333845288244,
    "rouge2_fm_mean": 0.010840827417999722,
    "rouge2_fm_std": 0.05382279631409614,
    "rougeL_fm_mean": 0.08201299282746287,
    "rougeL_fm_std": 0.11357541260687029,
    "exact_match_mean": 0.0026041666666666665,
    "exact_match_std": 0.05096454633015867,
    "token_acc_mean": 0.03771565619361647,
    "token_acc_std": 0.05856528954482052,
    "padded_token_acc_mean": 0.03771565619361647,
    "padded_token_acc_std": 0.05856528954482052,
    "pred_len_mean": 2.0,
    "pred_len_std": 0.0,
    "ref_len_mean": 23.498697916666668,
    "ref_len_std": 10.114320415690104,
    "reconstruction_time_mean": 39.98151965936025,
    "reconstruction_time_std": 0.976638241288998
  },
  "Per Input Results": {
    "rouge1_fm_mean": 0.09176110937151044,
    "rouge1_fm_std": 0.016858938436863365,
    "rouge2_fm_mean": 0.011413791822392542,
    "rouge2_fm_std": 0.003080089192893983,
    "rougeL_fm_mean": 0.07617176372408369,
    "rougeL_fm_std": 0.011618397161491318,
    "exact_match_mean": 0.0,
    "exact_match_std": 0.0,
    "token_acc_mean": 0.0011136409751446742,
    "token_acc_std": 0.00062790643596712,
    "padded_token_acc_mean": 0.0011136409751446742,
    "padded_token_acc_std": 0.00062790643596712,
    "pred_len_mean": 255.5,
    "pred_len_std": 1.707825127659933,
    "ref_len_mean": 2991.5,
    "ref_len_std": 99.23666996965721,
    "reconstruction_time_mean": 39.98151965936025,
    "reconstruction_time_std": 0.976638241288998
  },
  "Arguments": {
    "neptune": null,
    "neptune_offline": false,
    "label": "name of the run",
    "rng_seed": 42,
    "dataset": "sst2",
    "task": "seq_class",
    "pad": "right",
    "split": "val",
    "use_hf_split": true,
    "batch_size": 128,
    "n_inputs": 6,
    "start_input": 0,
    "end_input": 100000,
    "model_path": "gpt2",
    "finetuned_path": null,
    "cache_dir": "/lustre/guptap69/.cache/huggingface/gia_exp_cache",
    "device": "cuda",
    "device_grad": "cpu",
    "attn_implementation": "eager",
    "precision": "full",
    "parallel": 100,
    "grad_b": null,
    "n_layers": 2,
    "rank_tol": 1e-08,
    "rank_cutoff": 20,
    "l1_span_thresh": 5e-05,
    "l2_span_thresh": 0.002,
    "l1_filter": "all",
    "l2_filter": "non-overlap",
    "distinct_thresh": 0.6,
    "max_ids": 96,
    "maxC": 10000000,
    "reduce_incorrect": 0,
    "n_incorrect": 128,
    "algo": "sgd",
    "avg_epochs": null,
    "b_mini": null,
    "avg_lr": null,
    "dist_norm": "l2",
    "defense_noise": null,
    "max_len": 10000000000.0,
    "p1_std_thrs": 5,
    "l2_std_thrs": 5,
    "dp_l2_filter": "maxB",
    "defense_pct_mask": null,
    "grad_mode": "eval",
    "hidden_act": null,
    "loss": "ce",
    "n_steps": 500,
    "lr": 0.01,
    "lr_decay": 0.89,
    "coeff_perplexity": 0.02,
    "coeff_reg": 1.0,
    "init_size": 3.98,
    "grad_loss": "cos",
    "tag_factor": 0.01,
    "hybrid_temperature": 0.1,
    "hybrid_init_noise": 0.01,
    "hybrid_project_every": 0,
    "hybrid_init_mode": "dager",
    "hybrid_use_lm_prior": "true",
    "hybrid_projection_mode": "candidate_final",
    "print_every": 50,
    "train_method": "full",
    "lora_r": null
  }
}