{
  "Overall Results": {
    "rouge1_fm": 0.9995771968148827,
    "rouge2_fm": 0.9995066948555321,
    "rougeL_fm": 0.9995771968148827,
    "exact_match": 0,
    "token_acc": 0.4830494986471431,
    "padded_token_acc": 0.4830494986471431,
    "pred_len": 18835,
    "ref_len": 18849,
    "experiment_time_mean": 4870.523234605789,
    "experiment_time_std": 0.0
  },
  "Per Sentence Results": {
    "rouge1_fm_mean": 0.9997794117647057,
    "rouge1_fm_std": 0.006235276775780548,
    "rouge2_fm_mean": 0.9972727272727272,
    "rouge2_fm_std": 0.050337702545116825,
    "rougeL_fm_mean": 0.9997794117647057,
    "rougeL_fm_std": 0.006235276775780548,
    "exact_match_mean": 0.99875,
    "exact_match_std": 0.03533323506275643,
    "token_acc_mean": 0.999656862745098,
    "token_acc_std": 0.00969931942899196,
    "padded_token_acc_mean": 0.999656862745098,
    "padded_token_acc_std": 0.00969931942899196,
    "pred_len_mean": 23.685,
    "pred_len_std": 10.168371305179607,
    "ref_len_mean": 23.7025,
    "ref_len_std": 10.203258976915171,
    "reconstruction_time_mean": 48.59301161766052,
    "reconstruction_time_std": 2.30186935158653
  },
  "Per Input Results": {
    "rouge1_fm_mean": 0.9996590909090909,
    "rouge1_fm_std": 0.0033920026264998384,
    "rouge2_fm_mean": 0.9996,
    "rouge2_fm_std": 0.003979949748426494,
    "rougeL_fm_mean": 0.9996590909090909,
    "rougeL_fm_std": 0.0033920026264998384,
    "exact_match_mean": 0.99,
    "exact_match_std": 0.09949874371066199,
    "token_acc_mean": 0.9928508771929825,
    "token_acc_std": 0.07113287379314871,
    "padded_token_acc_mean": 0.9928508771929825,
    "padded_token_acc_std": 0.07113287379314871,
    "pred_len_mean": 188.44,
    "pred_len_std": 29.561907922189324,
    "ref_len_mean": 188.58,
    "ref_len_std": 29.715376490968442,
    "reconstruction_time_mean": 48.59301161766052,
    "reconstruction_time_std": 2.30186935158653
  },
  "Arguments": {
    "neptune": null,
    "neptune_offline": false,
    "label": "name of the run",
    "rng_seed": 40,
    "dataset": "sst2",
    "task": "seq_class",
    "pad": "right",
    "split": "val",
    "use_hf_split": true,
    "batch_size": 8,
    "n_inputs": 100,
    "start_input": 0,
    "end_input": 100000,
    "model_path": "openai-community/gpt2-large",
    "finetuned_path": null,
    "cache_dir": "/lustre/guptap69/.cache/huggingface/gia_exp_cache",
    "device": "cuda",
    "device_grad": "cpu",
    "attn_implementation": "eager",
    "precision": "full",
    "parallel": 100,
    "grad_b": null,
    "n_layers": 2,
    "rank_tol": 1e-08,
    "rank_cutoff": 20,
    "l1_span_thresh": 1e-05,
    "l2_span_thresh": 0.001,
    "l1_filter": "all",
    "l2_filter": "non-overlap",
    "distinct_thresh": 0.7,
    "max_ids": -1,
    "maxC": 10000000,
    "reduce_incorrect": 0,
    "n_incorrect": 8,
    "algo": "sgd",
    "avg_epochs": null,
    "b_mini": null,
    "avg_lr": null,
    "dist_norm": "l2",
    "defense_noise": null,
    "max_len": 10000000000.0,
    "p1_std_thrs": 5,
    "l2_std_thrs": 5,
    "dp_l2_filter": "maxB",
    "defense_pct_mask": null,
    "grad_mode": "eval",
    "hidden_act": null,
    "loss": "ce",
    "n_steps": 50,
    "lr": 0.01,
    "lr_decay": 0.89,
    "coeff_perplexity": 0.02,
    "coeff_reg": 1.0,
    "init_size": 3.98,
    "grad_loss": "cos",
    "tag_factor": 0.01,
    "hybrid_temperature": 0.1,
    "hybrid_init_noise": 0.01,
    "hybrid_project_every": 0,
    "hybrid_init_mode": "dager",
    "hybrid_use_lm_prior": "true",
    "hybrid_projection_mode": "none",
    "print_every": 50,
    "train_method": "full",
    "lora_r": null
  }
}