{
  "Overall Results": {
    "rouge1_fm": 0.1057731677357718,
    "rouge2_fm": 0.01638001638001638,
    "rougeL_fm": 0.06441927118875393,
    "exact_match": 0,
    "token_acc": 0.0012256950247924675,
    "padded_token_acc": 0.0012256950247924675,
    "pred_len": 1788,
    "ref_len": 17949,
    "experiment_time_mean": 897.8663501739502,
    "experiment_time_std": 0.0
  },
  "Per Sentence Results": {
    "rouge1_fm_mean": 0.06610163827738673,
    "rouge1_fm_std": 0.11199008804390674,
    "rouge2_fm_mean": 0.009409848480450353,
    "rouge2_fm_std": 0.06265299902305474,
    "rougeL_fm_mean": 0.06474866276559811,
    "rougeL_fm_std": 0.11075785006521802,
    "exact_match_mean": 0.00390625,
    "exact_match_std": 0.06237781024480981,
    "token_acc_mean": 0.035668323369021586,
    "token_acc_std": 0.07449716797592434,
    "padded_token_acc_mean": 0.035668323369021586,
    "padded_token_acc_std": 0.07449716797592434,
    "pred_len_mean": 2.33203125,
    "pred_len_std": 0.7398022251634357,
    "ref_len_mean": 23.498697916666668,
    "ref_len_std": 10.114320415690104,
    "reconstruction_time_mean": 149.5113606850306,
    "reconstruction_time_std": 14.98893323345115
  },
  "Per Input Results": {
    "rouge1_fm_mean": 0.07355078450462178,
    "rouge1_fm_std": 0.014775573456587811,
    "rouge2_fm_mean": 0.009858405708952104,
    "rouge2_fm_std": 0.0043419624936738,
    "rougeL_fm_mean": 0.0635623605649215,
    "rougeL_fm_std": 0.009887476485053896,
    "exact_match_mean": 0.0,
    "exact_match_std": 0.0,
    "token_acc_mean": 0.001332261701683426,
    "token_acc_std": 0.0009568424357230603,
    "padded_token_acc_mean": 0.001332261701683426,
    "padded_token_acc_std": 0.0009568424357230603,
    "pred_len_mean": 298.0,
    "pred_len_std": 77.44245175182235,
    "ref_len_mean": 2991.5,
    "ref_len_std": 99.23666996965721,
    "reconstruction_time_mean": 149.5113606850306,
    "reconstruction_time_std": 14.98893323345115
  },
  "Arguments": {
    "neptune": null,
    "neptune_offline": false,
    "label": "name of the run",
    "rng_seed": 42,
    "dataset": "sst2",
    "task": "seq_class",
    "pad": "right",
    "split": "val",
    "use_hf_split": true,
    "batch_size": 128,
    "n_inputs": 6,
    "start_input": 0,
    "end_input": 100000,
    "model_path": "openai-community/gpt2-large",
    "finetuned_path": null,
    "cache_dir": "/lustre/guptap69/.cache/huggingface/gia_exp_cache",
    "device": "cuda",
    "device_grad": "cpu",
    "attn_implementation": "eager",
    "precision": "full",
    "parallel": 100,
    "grad_b": null,
    "n_layers": 2,
    "rank_tol": 1e-08,
    "rank_cutoff": 20,
    "l1_span_thresh": 5e-05,
    "l2_span_thresh": 0.002,
    "l1_filter": "all",
    "l2_filter": "non-overlap",
    "distinct_thresh": 0.6,
    "max_ids": 96,
    "maxC": 10000000,
    "reduce_incorrect": 0,
    "n_incorrect": 128,
    "algo": "sgd",
    "avg_epochs": null,
    "b_mini": null,
    "avg_lr": null,
    "dist_norm": "l2",
    "defense_noise": null,
    "max_len": 10000000000.0,
    "p1_std_thrs": 5,
    "l2_std_thrs": 5,
    "dp_l2_filter": "maxB",
    "defense_pct_mask": null,
    "grad_mode": "eval",
    "hidden_act": null,
    "loss": "ce",
    "n_steps": 500,
    "lr": 0.01,
    "lr_decay": 0.89,
    "coeff_perplexity": 0.02,
    "coeff_reg": 1.0,
    "init_size": 3.98,
    "grad_loss": "cos",
    "tag_factor": 0.01,
    "hybrid_temperature": 0.1,
    "hybrid_init_noise": 0.01,
    "hybrid_project_every": 0,
    "hybrid_init_mode": "dager",
    "hybrid_use_lm_prior": "true",
    "hybrid_projection_mode": "candidate_final",
    "print_every": 50,
    "train_method": "full",
    "lora_r": null
  }
}