{
  "Overall Results": {
    "rouge1_fm": 0.9786026448720131,
    "rouge2_fm": 0.9776920020434807,
    "rougeL_fm": 0.9786026448720131,
    "exact_match": 0,
    "token_acc": 0.07462686567164178,
    "padded_token_acc": 0.07462686567164178,
    "pred_len": 10640,
    "ref_len": 11122,
    "reconstruction_time_mean": 15.43588336467743,
    "reconstruction_time_std": 20.765516648119966
  },
  "Per Sentence Results": {
    "rouge1_fm_mean": 0.9899199756610864,
    "rouge1_fm_std": 0.056646345333229785,
    "rouge2_fm_mean": 0.9897970068485707,
    "rouge2_fm_std": 0.05743052241875374,
    "rougeL_fm_mean": 0.9899199756610864,
    "rougeL_fm_std": 0.056646345333229785,
    "exact_match_mean": 0.96,
    "exact_match_std": 0.19595917942265428,
    "token_acc_mean": 0.9843094380349655,
    "token_acc_std": 0.08427206621989072,
    "padded_token_acc_mean": 0.9843094380349655,
    "padded_token_acc_std": 0.08427206621989072,
    "pred_len_mean": 53.37,
    "pred_len_std": 36.754361645932576,
    "ref_len_mean": 55.78,
    "ref_len_std": 41.4426302254092,
    "reconstruction_time_mean": 15.43588336467743,
    "reconstruction_time_std": 20.765516648119966
  },
  "Per Input Results": {
    "rouge1_fm_mean": 0.9873940189273983,
    "rouge1_fm_std": 0.04710198734486331,
    "rouge2_fm_mean": 0.9868828995398934,
    "rouge2_fm_std": 0.04870642396539716,
    "rougeL_fm_mean": 0.9873940189273983,
    "rougeL_fm_std": 0.04710198734486331,
    "exact_match_mean": 0.92,
    "exact_match_std": 0.2712931993250107,
    "token_acc_mean": 0.9592447494804103,
    "token_acc_std": 0.14898905014734518,
    "padded_token_acc_mean": 0.9592447494804103,
    "padded_token_acc_std": 0.14898905014734518,
    "pred_len_mean": 106.54,
    "pred_len_std": 52.610154913286465,
    "ref_len_mean": 111.36,
    "ref_len_std": 59.81814440451993,
    "reconstruction_time_mean": 15.43588336467743,
    "reconstruction_time_std": 20.765516648119966
  },
  "Arguments": {
    "neptune": null,
    "neptune_offline": false,
    "label": "name of the run",
    "rng_seed": 101,
    "dataset": "rte",
    "task": "seq_class",
    "pad": "right",
    "split": "val",
    "use_hf_split": true,
    "batch_size": 2,
    "n_inputs": 100,
    "start_input": 0,
    "end_input": 100000,
    "model_path": "gpt2",
    "finetuned_path": null,
    "cache_dir": "/Users/prithagupta/projects/models_cache/gia_exp_cache",
    "device": "mps",
    "device_grad": "cpu",
    "attn_implementation": "eager",
    "precision": "full",
    "parallel": 1000,
    "grad_b": null,
    "n_layers": 2,
    "rank_tol": 1e-08,
    "rank_cutoff": 20,
    "l1_span_thresh": 1e-05,
    "l2_span_thresh": 0.001,
    "l1_filter": "all",
    "l2_filter": "non-overlap",
    "distinct_thresh": 0.7,
    "max_ids": -1,
    "maxC": 10000000,
    "reduce_incorrect": 0,
    "n_incorrect": 2,
    "algo": "sgd",
    "avg_epochs": null,
    "b_mini": null,
    "avg_lr": null,
    "dist_norm": "l2",
    "defense_noise": null,
    "max_len": 10000000000.0,
    "p1_std_thrs": 5,
    "l2_std_thrs": 5,
    "dp_l2_filter": "maxB",
    "defense_pct_mask": null,
    "grad_mode": "eval",
    "hidden_act": null,
    "loss": "ce",
    "n_steps": 500,
    "lr": 0.01,
    "lr_decay": 0.89,
    "coeff_perplexity": 0.02,
    "coeff_reg": 1.0,
    "init_size": 3.98,
    "grad_loss": "cos",
    "tag_factor": 0.01,
    "hybrid_temperature": 0.1,
    "hybrid_init_noise": 0.01,
    "hybrid_project_every": 0,
    "print_every": 50,
    "train_method": "full",
    "lora_r": null
  }
}