{
  "Overall Results": {
    "rouge1_fm": 0.9727597847521643,
    "rouge2_fm": 0.9701507504094662,
    "rougeL_fm": 0.9727597847521643,
    "exact_match": 0,
    "token_acc": 0.25625635808748726,
    "padded_token_acc": 0.25625635808748726,
    "pred_len": 18638,
    "ref_len": 19660,
    "experiment_time_mean": 1135.460921049118,
    "experiment_time_std": 0.0
  },
  "Per Sentence Results": {
    "rouge1_fm_mean": 0.9660711488041679,
    "rouge1_fm_std": 0.1516781339460684,
    "rouge2_fm_mean": 0.9622594850282223,
    "rouge2_fm_std": 0.16662285917759193,
    "rougeL_fm_mean": 0.9660711488041679,
    "rougeL_fm_std": 0.1516781339460684,
    "exact_match_mean": 0.945,
    "exact_match_std": 0.22798026230356,
    "token_acc_mean": 0.9603528316076588,
    "token_acc_std": 0.17134603345179494,
    "padded_token_acc_mean": 0.9603528316076588,
    "padded_token_acc_std": 0.17134603345179494,
    "pred_len_mean": 23.43875,
    "pred_len_std": 11.150728605678644,
    "ref_len_mean": 24.71625,
    "ref_len_std": 10.855101839112335,
    "reconstruction_time_mean": 11.238526239395142,
    "reconstruction_time_std": 1.4185009873620993
  },
  "Per Input Results": {
    "rouge1_fm_mean": 0.9646416647486504,
    "rouge1_fm_std": 0.11655176505768775,
    "rouge2_fm_mean": 0.961140822773423,
    "rouge2_fm_std": 0.12765786750569114,
    "rougeL_fm_mean": 0.9646416647486504,
    "rougeL_fm_std": 0.11655176505768775,
    "exact_match_mean": 0.88,
    "exact_match_std": 0.32496153618543844,
    "token_acc_mean": 0.9020666784400434,
    "token_acc_std": 0.2717040012112336,
    "padded_token_acc_mean": 0.9020666784400434,
    "padded_token_acc_std": 0.2717040012112336,
    "pred_len_mean": 186.48,
    "pred_len_std": 42.04889534815391,
    "ref_len_mean": 196.7,
    "ref_len_std": 32.95800358031415,
    "reconstruction_time_mean": 11.238526239395142,
    "reconstruction_time_std": 1.4185009873620993
  },
  "Arguments": {
    "neptune": null,
    "neptune_offline": false,
    "label": "name of the run",
    "rng_seed": 41,
    "dataset": "rotten_tomatoes",
    "task": "seq_class",
    "pad": "right",
    "split": "val",
    "use_hf_split": false,
    "batch_size": 8,
    "n_inputs": 100,
    "start_input": 0,
    "end_input": 100000,
    "model_path": "gpt2",
    "finetuned_path": null,
    "cache_dir": "/lustre/guptap69/.cache/huggingface/gia_exp_cache",
    "device": "cuda",
    "device_grad": "cpu",
    "attn_implementation": "eager",
    "precision": "full",
    "parallel": 100,
    "grad_b": null,
    "n_layers": 2,
    "rank_tol": 1e-08,
    "rank_cutoff": 20,
    "l1_span_thresh": 1e-05,
    "l2_span_thresh": 0.001,
    "l1_filter": "all",
    "l2_filter": "non-overlap",
    "distinct_thresh": 0.7,
    "max_ids": -1,
    "maxC": 10000000,
    "reduce_incorrect": 0,
    "n_incorrect": 8,
    "algo": "sgd",
    "avg_epochs": null,
    "b_mini": null,
    "avg_lr": null,
    "dist_norm": "l2",
    "defense_noise": null,
    "max_len": 10000000000.0,
    "p1_std_thrs": 5,
    "l2_std_thrs": 5,
    "dp_l2_filter": "maxB",
    "defense_pct_mask": null,
    "grad_mode": "eval",
    "hidden_act": null,
    "loss": "ce",
    "n_steps": 500,
    "lr": 0.01,
    "lr_decay": 0.89,
    "coeff_perplexity": 0.02,
    "coeff_reg": 1.0,
    "init_size": 3.98,
    "grad_loss": "cos",
    "tag_factor": 0.01,
    "hybrid_temperature": 0.1,
    "hybrid_init_noise": 0.01,
    "hybrid_project_every": 0,
    "hybrid_init_mode": "dager",
    "hybrid_use_lm_prior": "true",
    "hybrid_projection_mode": "candidate_final",
    "print_every": 50,
    "train_method": "full",
    "lora_r": null
  }
}