{
  "Overall Results": {
    "rouge1_fm": 0.972869902652795,
    "rouge2_fm": 0.9699240574085846,
    "rougeL_fm": 0.972869902652795,
    "exact_match": 0,
    "token_acc": 0.05612322708555742,
    "padded_token_acc": 0.05612322708555742,
    "pred_len": 18662,
    "ref_len": 19671,
    "experiment_time_mean": 1115.5360815525055,
    "experiment_time_std": 0.0
  },
  "Per Sentence Results": {
    "rouge1_fm_mean": 0.9606278921273216,
    "rouge1_fm_std": 0.16431132234294468,
    "rouge2_fm_mean": 0.9563971545494446,
    "rouge2_fm_std": 0.1790425998878211,
    "rougeL_fm_mean": 0.9606278921273216,
    "rougeL_fm_std": 0.16431132234294468,
    "exact_match_mean": 0.9375,
    "exact_match_std": 0.24206145913796356,
    "token_acc_mean": 0.9541394236095827,
    "token_acc_std": 0.18420144454643123,
    "padded_token_acc_mean": 0.9541394236095827,
    "padded_token_acc_std": 0.18420144454643123,
    "pred_len_mean": 23.4725,
    "pred_len_std": 11.575480281612508,
    "ref_len_mean": 24.735,
    "ref_len_std": 10.900563058851594,
    "reconstruction_time_mean": 11.033886458873749,
    "reconstruction_time_std": 1.027324870237783
  },
  "Per Input Results": {
    "rouge1_fm_mean": 0.9608920592787378,
    "rouge1_fm_std": 0.13387917652038045,
    "rouge2_fm_mean": 0.9569031086526956,
    "rouge2_fm_std": 0.1470375978690336,
    "rougeL_fm_mean": 0.9608920592787378,
    "rougeL_fm_std": 0.13387917652038045,
    "exact_match_mean": 0.87,
    "exact_match_std": 0.33630343441600474,
    "token_acc_mean": 0.8929608608786023,
    "token_acc_std": 0.2859319975931169,
    "padded_token_acc_mean": 0.8929608608786023,
    "padded_token_acc_std": 0.2859319975931169,
    "pred_len_mean": 186.76,
    "pred_len_std": 43.94681330881682,
    "ref_len_mean": 196.85,
    "ref_len_std": 29.289375206719583,
    "reconstruction_time_mean": 11.033886458873749,
    "reconstruction_time_std": 1.027324870237783
  },
  "Arguments": {
    "neptune": null,
    "neptune_offline": false,
    "label": "name of the run",
    "rng_seed": 40,
    "dataset": "rotten_tomatoes",
    "task": "seq_class",
    "pad": "right",
    "split": "val",
    "use_hf_split": false,
    "batch_size": 8,
    "n_inputs": 100,
    "start_input": 0,
    "end_input": 100000,
    "model_path": "gpt2",
    "finetuned_path": null,
    "cache_dir": "/lustre/guptap69/.cache/huggingface/gia_exp_cache",
    "device": "cuda",
    "device_grad": "cpu",
    "attn_implementation": "eager",
    "precision": "full",
    "parallel": 100,
    "grad_b": null,
    "n_layers": 2,
    "rank_tol": 1e-08,
    "rank_cutoff": 20,
    "l1_span_thresh": 1e-05,
    "l2_span_thresh": 0.001,
    "l1_filter": "all",
    "l2_filter": "non-overlap",
    "distinct_thresh": 0.7,
    "max_ids": -1,
    "maxC": 10000000,
    "reduce_incorrect": 0,
    "n_incorrect": 8,
    "algo": "sgd",
    "avg_epochs": null,
    "b_mini": null,
    "avg_lr": null,
    "dist_norm": "l2",
    "defense_noise": null,
    "max_len": 10000000000.0,
    "p1_std_thrs": 5,
    "l2_std_thrs": 5,
    "dp_l2_filter": "maxB",
    "defense_pct_mask": null,
    "grad_mode": "eval",
    "hidden_act": null,
    "loss": "ce",
    "n_steps": 500,
    "lr": 0.01,
    "lr_decay": 0.89,
    "coeff_perplexity": 0.02,
    "coeff_reg": 1.0,
    "init_size": 3.98,
    "grad_loss": "cos",
    "tag_factor": 0.01,
    "hybrid_temperature": 0.1,
    "hybrid_init_noise": 0.01,
    "hybrid_project_every": 0,
    "hybrid_init_mode": "dager",
    "hybrid_use_lm_prior": "true",
    "hybrid_projection_mode": "candidate_final",
    "print_every": 50,
    "train_method": "full",
    "lora_r": null
  }
}