{
  "Overall Results": {
    "rouge1_fm": 0.9994672727918458,
    "rouge2_fm": 0.9993961996093057,
    "rougeL_fm": 0.9994672727918458,
    "exact_match": 0,
    "token_acc": 0.9927842214976749,
    "padded_token_acc": 0.9927842214976749,
    "pred_len": 18692,
    "ref_len": 18709,
    "experiment_time_mean": 1117.5573523044586,
    "experiment_time_std": 0.0
  },
  "Per Sentence Results": {
    "rouge1_fm_mean": 0.9996010638297872,
    "rouge1_fm_std": 0.011276564381730777,
    "rouge2_fm_mean": 0.9970833333333333,
    "rouge2_fm_std": 0.05128724933591627,
    "rougeL_fm_mean": 0.9996010638297872,
    "rougeL_fm_std": 0.011276564381730777,
    "exact_match_mean": 0.99875,
    "exact_match_std": 0.03533323506275642,
    "token_acc_mean": 0.9994256756756756,
    "token_acc_std": 0.016234189082888085,
    "padded_token_acc_mean": 0.9994256756756756,
    "padded_token_acc_std": 0.016234189082888085,
    "pred_len_mean": 23.49,
    "pred_len_std": 10.108902017528909,
    "ref_len_mean": 23.51125,
    "ref_len_std": 10.119405784802781,
    "reconstruction_time_mean": 11.056138980388642,
    "reconstruction_time_std": 0.5361057233134929
  },
  "Per Input Results": {
    "rouge1_fm_mean": 0.9993212669683258,
    "rouge1_fm_std": 0.006753308396651265,
    "rouge2_fm_mean": 0.9992237442922375,
    "rouge2_fm_std": 0.007723646772060525,
    "rougeL_fm_mean": 0.9993212669683258,
    "rougeL_fm_std": 0.006753308396651265,
    "exact_match_mean": 0.99,
    "exact_match_std": 0.09949874371066199,
    "token_acc_mean": 0.9914556962025317,
    "token_acc_std": 0.08501474937303398,
    "padded_token_acc_mean": 0.9914556962025317,
    "padded_token_acc_std": 0.08501474937303398,
    "pred_len_mean": 187.03,
    "pred_len_std": 30.81443006125539,
    "ref_len_mean": 187.2,
    "ref_len_std": 30.60620852049466,
    "reconstruction_time_mean": 11.056138980388642,
    "reconstruction_time_std": 0.5361057233134929
  },
  "Arguments": {
    "neptune": null,
    "neptune_offline": false,
    "label": "name of the run",
    "rng_seed": 42,
    "dataset": "sst2",
    "task": "seq_class",
    "pad": "right",
    "split": "val",
    "use_hf_split": true,
    "batch_size": 8,
    "n_inputs": 100,
    "start_input": 0,
    "end_input": 100000,
    "model_path": "gpt2",
    "finetuned_path": null,
    "cache_dir": "/lustre/guptap69/.cache/huggingface/gia_exp_cache",
    "device": "cuda",
    "device_grad": "cpu",
    "attn_implementation": "eager",
    "precision": "full",
    "parallel": 100,
    "grad_b": null,
    "n_layers": 2,
    "rank_tol": 1e-08,
    "rank_cutoff": 20,
    "l1_span_thresh": 1e-05,
    "l2_span_thresh": 0.001,
    "l1_filter": "all",
    "l2_filter": "non-overlap",
    "distinct_thresh": 0.7,
    "max_ids": -1,
    "maxC": 10000000,
    "reduce_incorrect": 0,
    "n_incorrect": 8,
    "algo": "sgd",
    "avg_epochs": null,
    "b_mini": null,
    "avg_lr": null,
    "dist_norm": "l2",
    "defense_noise": null,
    "max_len": 10000000000.0,
    "p1_std_thrs": 5,
    "l2_std_thrs": 5,
    "dp_l2_filter": "maxB",
    "defense_pct_mask": null,
    "grad_mode": "eval",
    "hidden_act": null,
    "loss": "ce",
    "n_steps": 500,
    "lr": 0.01,
    "lr_decay": 0.89,
    "coeff_perplexity": 0.02,
    "coeff_reg": 1.0,
    "init_size": 3.98,
    "grad_loss": "cos",
    "tag_factor": 0.01,
    "hybrid_temperature": 0.1,
    "hybrid_init_noise": 0.01,
    "hybrid_project_every": 0,
    "hybrid_init_mode": "dager",
    "hybrid_use_lm_prior": "true",
    "hybrid_projection_mode": "candidate_final",
    "print_every": 50,
    "train_method": "full",
    "lora_r": null
  }
}