{
  "Overall Results": {
    "rouge1_fm": 0.9994310099573257,
    "rouge2_fm": 0.9993598406714561,
    "rougeL_fm": 0.9994310099573257,
    "exact_match": 0,
    "token_acc": 0.8527439515047476,
    "padded_token_acc": 0.8527439515047476,
    "pred_len": 18620,
    "ref_len": 18641,
    "experiment_time_mean": 1131.3745968341827,
    "experiment_time_std": 0.0
  },
  "Per Sentence Results": {
    "rouge1_fm_mean": 0.9996428571428573,
    "rouge1_fm_std": 0.010095210017930407,
    "rouge2_fm_mean": 0.9971296296296296,
    "rouge2_fm_std": 0.05100490508701616,
    "rougeL_fm_mean": 0.9996428571428573,
    "rougeL_fm_std": 0.010095210017930407,
    "exact_match_mean": 0.99875,
    "exact_match_std": 0.03533323506275642,
    "token_acc_mean": 0.9994414893617021,
    "token_acc_std": 0.01578719013442308,
    "padded_token_acc_mean": 0.9994414893617021,
    "padded_token_acc_std": 0.01578719013442308,
    "pred_len_mean": 23.41125,
    "pred_len_std": 10.031556381613973,
    "ref_len_mean": 23.4375,
    "ref_len_std": 10.065713772505157,
    "reconstruction_time_mean": 11.196580338478089,
    "reconstruction_time_std": 1.6285809050423394
  },
  "Per Input Results": {
    "rouge1_fm_mean": 0.9995180722891567,
    "rouge1_fm_std": 0.004795120178827089,
    "rouge2_fm_mean": 0.9994545454545454,
    "rouge2_fm_std": 0.005427204202399748,
    "rougeL_fm_mean": 0.9995180722891567,
    "rougeL_fm_std": 0.004795120178827089,
    "exact_match_mean": 0.99,
    "exact_match_std": 0.09949874371066199,
    "token_acc_mean": 0.9911392405063291,
    "token_acc_std": 0.08816344379425747,
    "padded_token_acc_mean": 0.9911392405063291,
    "padded_token_acc_std": 0.08816344379425747,
    "pred_len_mean": 186.39,
    "pred_len_std": 27.431330627587137,
    "ref_len_mean": 186.6,
    "ref_len_std": 27.73589731737555,
    "reconstruction_time_mean": 11.196580338478089,
    "reconstruction_time_std": 1.6285809050423394
  },
  "Arguments": {
    "neptune": null,
    "neptune_offline": false,
    "label": "name of the run",
    "rng_seed": 41,
    "dataset": "sst2",
    "task": "seq_class",
    "pad": "right",
    "split": "val",
    "use_hf_split": true,
    "batch_size": 8,
    "n_inputs": 100,
    "start_input": 0,
    "end_input": 100000,
    "model_path": "gpt2",
    "finetuned_path": null,
    "cache_dir": "/lustre/guptap69/.cache/huggingface/gia_exp_cache",
    "device": "cuda",
    "device_grad": "cpu",
    "attn_implementation": "eager",
    "precision": "full",
    "parallel": 100,
    "grad_b": null,
    "n_layers": 2,
    "rank_tol": 1e-08,
    "rank_cutoff": 20,
    "l1_span_thresh": 1e-05,
    "l2_span_thresh": 0.001,
    "l1_filter": "all",
    "l2_filter": "non-overlap",
    "distinct_thresh": 0.7,
    "max_ids": -1,
    "maxC": 10000000,
    "reduce_incorrect": 0,
    "n_incorrect": 8,
    "algo": "sgd",
    "avg_epochs": null,
    "b_mini": null,
    "avg_lr": null,
    "dist_norm": "l2",
    "defense_noise": null,
    "max_len": 10000000000.0,
    "p1_std_thrs": 5,
    "l2_std_thrs": 5,
    "dp_l2_filter": "maxB",
    "defense_pct_mask": null,
    "grad_mode": "eval",
    "hidden_act": null,
    "loss": "ce",
    "n_steps": 500,
    "lr": 0.01,
    "lr_decay": 0.89,
    "coeff_perplexity": 0.02,
    "coeff_reg": 1.0,
    "init_size": 3.98,
    "grad_loss": "cos",
    "tag_factor": 0.01,
    "hybrid_temperature": 0.1,
    "hybrid_init_noise": 0.01,
    "hybrid_project_every": 0,
    "hybrid_init_mode": "dager",
    "hybrid_use_lm_prior": "true",
    "hybrid_projection_mode": "candidate_final",
    "print_every": 50,
    "train_method": "full",
    "lora_r": null
  }
}