{
  "Overall Results": {
    "rouge1_fm": 0.9796541538053039,
    "rouge2_fm": 0.9770637634016,
    "rougeL_fm": 0.9791231039861927,
    "exact_match": 0,
    "token_acc": 0.030499642382752632,
    "padded_token_acc": 0.030499642382752632,
    "pred_len": 18893,
    "ref_len": 19574,
    "experiment_time_mean": 1115.6030457019806,
    "experiment_time_std": 0.0
  },
  "Per Sentence Results": {
    "rouge1_fm_mean": 0.9698387851998576,
    "rouge1_fm_std": 0.1501619567052064,
    "rouge2_fm_mean": 0.9661781651609599,
    "rouge2_fm_std": 0.16479932221286492,
    "rougeL_fm_mean": 0.9697832296443019,
    "rougeL_fm_std": 0.1504793153264806,
    "exact_match_mean": 0.955,
    "exact_match_std": 0.20730412441627882,
    "token_acc_mean": 0.9659513462221838,
    "token_acc_std": 0.1640990824138206,
    "padded_token_acc_mean": 0.9659513462221838,
    "padded_token_acc_std": 0.1640990824138206,
    "pred_len_mean": 23.75625,
    "pred_len_std": 11.143690409262993,
    "ref_len_mean": 24.60625,
    "ref_len_std": 10.74424082648467,
    "reconstruction_time_mean": 11.041290936470032,
    "reconstruction_time_std": 0.5770245872081263
  },
  "Per Input Results": {
    "rouge1_fm_mean": 0.9707862145020463,
    "rouge1_fm_std": 0.12433043547149625,
    "rouge2_fm_mean": 0.9670789220915925,
    "rouge2_fm_std": 0.13961583717824816,
    "rougeL_fm_mean": 0.9702006567825672,
    "rougeL_fm_std": 0.127426353830825,
    "exact_match_mean": 0.91,
    "exact_match_std": 0.2861817604250837,
    "token_acc_mean": 0.935443330812376,
    "token_acc_std": 0.22313559548917714,
    "padded_token_acc_mean": 0.935443330812376,
    "padded_token_acc_std": 0.22313559548917714,
    "pred_len_mean": 189.06,
    "pred_len_std": 40.36949838677712,
    "ref_len_mean": 195.87,
    "ref_len_std": 31.17295462416099,
    "reconstruction_time_mean": 11.041290936470032,
    "reconstruction_time_std": 0.5770245872081263
  },
  "Arguments": {
    "neptune": null,
    "neptune_offline": false,
    "label": "name of the run",
    "rng_seed": 42,
    "dataset": "rotten_tomatoes",
    "task": "seq_class",
    "pad": "right",
    "split": "val",
    "use_hf_split": false,
    "batch_size": 8,
    "n_inputs": 100,
    "start_input": 0,
    "end_input": 100000,
    "model_path": "gpt2",
    "finetuned_path": null,
    "cache_dir": "/lustre/guptap69/.cache/huggingface/gia_exp_cache",
    "device": "cuda",
    "device_grad": "cpu",
    "attn_implementation": "eager",
    "precision": "full",
    "parallel": 100,
    "grad_b": null,
    "n_layers": 2,
    "rank_tol": 1e-08,
    "rank_cutoff": 20,
    "l1_span_thresh": 1e-05,
    "l2_span_thresh": 0.001,
    "l1_filter": "all",
    "l2_filter": "non-overlap",
    "distinct_thresh": 0.7,
    "max_ids": -1,
    "maxC": 10000000,
    "reduce_incorrect": 0,
    "n_incorrect": 8,
    "algo": "sgd",
    "avg_epochs": null,
    "b_mini": null,
    "avg_lr": null,
    "dist_norm": "l2",
    "defense_noise": null,
    "max_len": 10000000000.0,
    "p1_std_thrs": 5,
    "l2_std_thrs": 5,
    "dp_l2_filter": "maxB",
    "defense_pct_mask": null,
    "grad_mode": "eval",
    "hidden_act": null,
    "loss": "ce",
    "n_steps": 500,
    "lr": 0.01,
    "lr_decay": 0.89,
    "coeff_perplexity": 0.02,
    "coeff_reg": 1.0,
    "init_size": 3.98,
    "grad_loss": "cos",
    "tag_factor": 0.01,
    "hybrid_temperature": 0.1,
    "hybrid_init_noise": 0.01,
    "hybrid_project_every": 0,
    "hybrid_init_mode": "dager",
    "hybrid_use_lm_prior": "true",
    "hybrid_projection_mode": "candidate_final",
    "print_every": 50,
    "train_method": "full",
    "lora_r": null
  }
}