{
  "Overall Results": {
    "rouge1_fm": 0.20403111739745403,
    "rouge2_fm": 0.03395025344807262,
    "rougeL_fm": 0.10054219707685055,
    "exact_match": 0,
    "token_acc": 0.00164668347656049,
    "padded_token_acc": 0.00164668347656049,
    "pred_len": 2780,
    "ref_len": 19433,
    "experiment_time_mean": 328.6518075466156,
    "experiment_time_std": 0.0
  },
  "Per Sentence Results": {
    "rouge1_fm_mean": 0.09826322812345693,
    "rouge1_fm_std": 0.11683090590784619,
    "rouge2_fm_mean": 0.018909720010854517,
    "rouge2_fm_std": 0.07342400316995054,
    "rougeL_fm_mean": 0.09776459481232361,
    "rougeL_fm_std": 0.11622452802442315,
    "exact_match_mean": 0.001201923076923077,
    "exact_match_std": 0.03464792140721051,
    "token_acc_mean": 0.04502296683446177,
    "token_acc_std": 0.06683697994131596,
    "padded_token_acc_mean": 0.04502296683446177,
    "padded_token_acc_std": 0.06683697994131596,
    "pred_len_mean": 3.3533653846153846,
    "pred_len_std": 5.309429041913025,
    "ref_len_mean": 23.489182692307693,
    "ref_len_std": 10.072448059381156,
    "reconstruction_time_mean": 25.165552304341244,
    "reconstruction_time_std": 0.5296917139734023
  },
  "Per Input Results": {
    "rouge1_fm_mean": 0.11352064042705678,
    "rouge1_fm_std": 0.013836240620888628,
    "rouge2_fm_mean": 0.018497247255853524,
    "rouge2_fm_std": 0.004498690839606422,
    "rougeL_fm_mean": 0.09400038459421795,
    "rougeL_fm_std": 0.012688424125977102,
    "exact_match_mean": 0.0,
    "exact_match_std": 0.0,
    "token_acc_mean": 0.0025300522643269463,
    "token_acc_std": 0.0029882007041749674,
    "padded_token_acc_mean": 0.0025300522643269463,
    "padded_token_acc_std": 0.0029882007041749674,
    "pred_len_mean": 213.84615384615384,
    "pred_len_std": 273.3833167364506,
    "ref_len_mean": 1494.8461538461538,
    "ref_len_std": 59.21778079369555,
    "reconstruction_time_mean": 25.165552304341244,
    "reconstruction_time_std": 0.5296917139734023
  },
  "Arguments": {
    "neptune": null,
    "neptune_offline": false,
    "label": "name of the run",
    "rng_seed": 42,
    "dataset": "sst2",
    "task": "seq_class",
    "pad": "right",
    "split": "val",
    "use_hf_split": true,
    "batch_size": 64,
    "n_inputs": 13,
    "start_input": 0,
    "end_input": 100000,
    "model_path": "gpt2",
    "finetuned_path": null,
    "cache_dir": "/lustre/guptap69/.cache/huggingface/gia_exp_cache",
    "device": "cuda",
    "device_grad": "cpu",
    "attn_implementation": "eager",
    "precision": "full",
    "parallel": 100,
    "grad_b": null,
    "n_layers": 2,
    "rank_tol": 1e-09,
    "rank_cutoff": 20,
    "l1_span_thresh": 1e-05,
    "l2_span_thresh": 0.001,
    "l1_filter": "all",
    "l2_filter": "non-overlap",
    "distinct_thresh": 0.7,
    "max_ids": 64,
    "maxC": 10000000,
    "reduce_incorrect": 0,
    "n_incorrect": 64,
    "algo": "sgd",
    "avg_epochs": null,
    "b_mini": null,
    "avg_lr": null,
    "dist_norm": "l2",
    "defense_noise": null,
    "max_len": 10000000000.0,
    "p1_std_thrs": 5,
    "l2_std_thrs": 5,
    "dp_l2_filter": "maxB",
    "defense_pct_mask": null,
    "grad_mode": "eval",
    "hidden_act": null,
    "loss": "ce",
    "n_steps": 10,
    "lr": 0.01,
    "lr_decay": 0.89,
    "coeff_perplexity": 0.02,
    "coeff_reg": 1.0,
    "init_size": 3.98,
    "grad_loss": "cos",
    "tag_factor": 0.01,
    "hybrid_temperature": 0.1,
    "hybrid_init_noise": 0.01,
    "hybrid_project_every": 0,
    "hybrid_init_mode": "dager",
    "hybrid_use_lm_prior": "true",
    "hybrid_projection_mode": "candidate_final",
    "print_every": 50,
    "train_method": "full",
    "lora_r": null
  }
}