{
  "Overall Results": {
    "rouge1_fm": 0.2380952380952381,
    "rouge2_fm": 0.09756097560975611,
    "rougeL_fm": 0.2380952380952381,
    "exact_match": 0,
    "token_acc": 0.03260869565217391,
    "padded_token_acc": 0.03260869565217391,
    "pred_len": 15,
    "ref_len": 92,
    "reconstruction_time_mean": 30.099308967590332,
    "reconstruction_time_std": 0.0
  },
  "Per Sentence Results": {
    "rouge1_fm_mean": 0.23636363636363633,
    "rouge1_fm_std": 0.03636363636363635,
    "rouge2_fm_mean": 0.09999999999999999,
    "rouge2_fm_std": 0.09999999999999999,
    "rougeL_fm_mean": 0.23636363636363633,
    "rougeL_fm_std": 0.03636363636363635,
    "exact_match_mean": 0.0,
    "exact_match_std": 0.0,
    "token_acc_mean": 0.08412361380038724,
    "token_acc_std": 0.03637279939337857,
    "padded_token_acc_mean": 0.08412361380038724,
    "padded_token_acc_std": 0.03637279939337857,
    "pred_len_mean": 3.0,
    "pred_len_std": 0.0,
    "ref_len_mean": 23.0,
    "ref_len_std": 2.5495097567963922,
    "reconstruction_time_mean": 30.099308967590332,
    "reconstruction_time_std": 0.0
  },
  "Per Input Results": {
    "rouge1_fm_mean": 0.2380952380952381,
    "rouge1_fm_std": 0.0,
    "rouge2_fm_mean": 0.09756097560975611,
    "rouge2_fm_std": 0.0,
    "rougeL_fm_mean": 0.2380952380952381,
    "rougeL_fm_std": 0.0,
    "exact_match_mean": 0.0,
    "exact_match_std": 0.0,
    "token_acc_mean": 0.03260869565217391,
    "token_acc_std": 0.0,
    "padded_token_acc_mean": 0.03260869565217391,
    "padded_token_acc_std": 0.0,
    "pred_len_mean": 15.0,
    "pred_len_std": 0.0,
    "ref_len_mean": 92.0,
    "ref_len_std": 0.0,
    "reconstruction_time_mean": 30.099308967590332,
    "reconstruction_time_std": 0.0
  },
  "Arguments": {
    "neptune": null,
    "neptune_offline": false,
    "label": "name of the run",
    "rng_seed": 101,
    "dataset": "sst2",
    "task": "seq_class",
    "pad": "left",
    "split": "val",
    "use_hf_split": true,
    "batch_size": 4,
    "n_inputs": 1,
    "start_input": 0,
    "end_input": 100000,
    "model_path": "google/gemma-2b",
    "finetuned_path": null,
    "cache_dir": "/Users/prithagupta/projects/models_cache/gia_exp_cache",
    "device": "mps",
    "device_grad": "cpu",
    "attn_implementation": "eager",
    "precision": "full",
    "parallel": 100,
    "grad_b": null,
    "n_layers": 2,
    "rank_tol": 1e-06,
    "rank_cutoff": 20,
    "l1_span_thresh": 0.0001,
    "l2_span_thresh": 1e-06,
    "l1_filter": "all",
    "l2_filter": "non-overlap",
    "distinct_thresh": 0.7,
    "max_ids": 32,
    "maxC": 10000000,
    "reduce_incorrect": 0,
    "n_incorrect": 4,
    "algo": "sgd",
    "avg_epochs": null,
    "b_mini": null,
    "avg_lr": null,
    "dist_norm": "l2",
    "defense_noise": null,
    "max_len": 64,
    "p1_std_thrs": 5,
    "l2_std_thrs": 5,
    "dp_l2_filter": "maxB",
    "defense_pct_mask": null,
    "grad_mode": "eval",
    "hidden_act": null,
    "loss": "ce",
    "n_steps": 500,
    "lr": 0.01,
    "lr_decay": 0.89,
    "coeff_perplexity": 0.02,
    "coeff_reg": 1.0,
    "init_size": 3.98,
    "grad_loss": "cos",
    "tag_factor": 0.01,
    "hybrid_temperature": 0.1,
    "hybrid_init_noise": 0.01,
    "hybrid_project_every": 0,
    "print_every": 50,
    "train_method": "full",
    "lora_r": null
  }
}